lambda_theta,sigma_theta_kPa,lambda_z,sigma_z_kPa,pressure_kPa,od_mm,length_mm,F_transducer_mN,F_vessel_mN
0.523435550603876,0.024186088137011,1.463,7.28265962116634,0.02186448,7.811,40.964,252.423171,252.712174822656
0.523435550603876,0.024186088137011,1.463,7.28265962116634,0.02186448,7.811,40.964,252.423171,252.712174822656
0.523435550603876,0.024186088137011,1.463,7.37252897985332,0.02186448,7.811,40.964,255.5416857,255.830689522656
0.5154691511933,0.0282015361103476,1.463,7.37377497900974,0.026664,7.749,40.964,255.5416857,255.873926358239
0.5154691511933,0.0282015361103476,1.463,7.47664430782125,0.026664,7.749,40.964,259.1113063,259.443546958239
0.5154691511933,0.0282015361103476,1.463,7.47664430782125,0.026664,7.749,40.964,259.1113063,259.443546958239
0.511311899214859,0.0432288553405601,1.463,7.48163285084135,0.04186248,7.717,40.964,259.1113063,259.616652062883
0.511311899214859,0.0432288553405601,1.463,7.23915514721422,0.04186248,7.717,40.964,250.6972006,251.202546362883
0.516115842035932,0.0192479540167251,1.463,7.2311345712455,0.01813152,7.754,40.964,250.6972006,250.924228097054
0.516115842035932,0.0192479540167251,1.463,7.4411123495613,0.01813152,7.754,40.964,257.98354155,258.210569047054
0.516115842035932,0.0196725412376822,1.463,7.44125666894131,0.01853148,7.754,40.964,257.98354155,258.215577006547
0.500237794895233,0.0179193863534646,1.463,7.38508457798085,0.01853148,7.633,40.964,256.06143815,256.266375477247
0.500237794895233,0.018563968596395,1.463,7.38529701985251,0.01919808,7.633,40.964,256.06143815,256.273747323551
0.524582751211395,0.0213718765601193,1.463,6.96490145724037,0.01919808,7.82,40.964,241.42991635,241.685796981242
0.524582751211395,0.0178098971334327,1.463,6.96367246254031,0.0159984,7.82,40.964,241.42991635,241.643150209369
0.524582751211395,0.0178098971334327,1.463,7.25278049378804,0.0159984,7.82,40.964,251.4621193,251.675353159369
0.530285562194431,0.0802335514790701,1.463,7.27458460506315,0.06985968,7.865,40.964,251.4621193,252.431967455112
0.530285562194431,0.0802335514790701,1.463,7.51225797190512,0.06985968,7.865,40.964,259.70951195,260.679360105112
0.523052645704567,0.0447375431637545,1.463,7.49970412211195,0.04052928,7.808,40.964,259.70951195,260.243734818656
0.523052645704567,0.0447375431637545,1.463,7.34963924958747,0.04052928,7.808,40.964,254.5021808,255.036403668656
0.523052645704567,0.0749059522051021,1.463,7.36002090475641,0.06785988,7.808,40.964,254.5021808,255.396652642586
0.528770119127607,0.0772983205983079,1.463,7.31899473337892,0.06785988,7.853,40.964,253.04098995,253.973022604554
0.528770119127607,0.0414586277472261,1.463,7.30654129729512,0.03639636,7.853,40.964,253.04098995,253.540881727393
0.519337969848524,0.0393493054745177,1.463,7.27845800156034,0.03639636,7.779,40.964,252.09955155,252.566376380377
0.519337969848524,0.0595284364870908,1.463,7.28535695451959,0.05506116,7.779,40.964,252.09955155,252.805773729289
0.519337969848524,0.0595284364870908,1.463,7.24579182805362,0.05506116,7.779,40.964,250.72662055,251.432842729289
0.516632645512345,0.118950928417359,1.463,7.26591002954506,0.11172216,7.758,40.964,250.72662055,252.130955055951
0.516632645512345,0.118950928417359,1.463,7.72175680804222,0.11172216,7.758,40.964,266.544747,267.949081505951
0.508959046662844,0.0389732616971906,1.463,7.69435720085472,0.03826284,7.699,40.964,266.544747,266.998300516336
0.508959046662844,0.0389732616971906,1.463,7.42305347651667,0.03826284,7.699,40.964,257.130363,257.583916516336
0.508959046662844,0.0689840311573965,1.463,7.43311822119595,0.06772656,7.699,40.964,257.130363,257.933168527174
0.496221657816773,0.0639006600545934,1.463,7.33534488934095,0.06772656,7.603,40.964,253.8157153,254.540381740747
0.496221657816773,0.0340887379425095,1.463,7.32560202556421,0.03612972,7.603,40.964,253.8157153,254.202299168981
0.525981833580066,0.0405319985262222,1.463,7.49691402932229,0.03612972,7.831,40.964,259.6604787,260.146917110084
0.525981833580066,0.0789700930695399,1.463,7.51020802519993,0.07039296,7.831,40.964,259.6604787,260.608225860607
0.525981833580066,0.0789700930695399,1.463,7.0537960306104,0.07039296,7.831,40.964,243.82273895,244.770486110607
0.511963604747883,0.0579027486669513,1.463,7.0460143186077,0.05586108,7.722,40.964,243.82273895,244.500456551854
0.511963604747883,0.0579027486669513,1.463,7.32777454065461,0.05586108,7.722,40.964,253.599969,254.277686601854
0.514173459851281,0.117710564305312,1.463,7.34811185197655,0.11212212,7.739,40.964,253.599969,254.983402156551
0.514173459851281,0.117710564305312,1.463,7.33709013817532,0.11212212,7.739,40.964,253.21750965,254.600942806551
0.514173459851281,0.0815995945184264,1.463,7.32485959521925,0.07772556,7.739,40.964,253.21750965,254.176536439856
0.506990153830901,0.0782572454261857,1.463,7.33580207331388,0.07772556,7.684,40.964,253.64900225,254.556246268557
0.506990153830901,0.0314102837559648,1.463,7.32015097452203,0.03119688,7.684,40.964,253.64900225,254.013144789181
0.486437632831951,0.0276762278627353,1.463,7.42194179776517,0.03119688,7.531,40.964,257.23823615,257.545340670477
0.486437632831951,0.0677712759202878,1.463,7.43476315193163,0.07639236,7.531,40.964,257.23823615,257.990248501424
0.486437632831951,0.0677712759202878,1.463,7.26124181157375,0.07639236,7.531,40.964,251.21695305,251.968965401424
0.489176973529949,0.0909946056157399,1.463,7.26885118655463,0.10078992,7.551,40.964,251.21695305,252.233014773561
0.489176973529949,0.0909946056157399,1.463,7.58989392702132,0.10078992,7.551,40.964,262.35730745,263.373369173561
0.497966149590917,0.100952498954877,1.463,7.5937277312615,0.10585608,7.616,40.964,262.35730745,263.506404226382
0.497966149590917,0.100952498954877,1.463,7.34192396211024,0.10585608,7.616,40.964,253.6195823,254.768679076382
0.497966149590917,0.0911623951519478,1.463,7.3387125896695,0.09559044,7.616,40.964,253.6195823,254.657242739126
0.501834898577208,0.0933299337961424,1.463,7.4343438080636,0.09559044,7.645,40.964,256.90481005,257.975697045444
0.501834898577208,0.0991874610218417,1.463,7.43628067974621,0.10158984,7.645,40.964,256.90481005,258.04290752633
0.517793683953481,0.108878277292532,1.463,7.5143647540917,0.10158984,7.767,40.964,259.4643457,260.752466571148
0.517793683953481,0.117451369992731,1.463,7.51728767284104,0.10958904,7.767,40.964,259.4643457,260.853893411396
0.517793683953481,0.117451369992731,1.463,7.53226589928887,0.10958904,7.767,40.964,259.98409815,261.373645861396
0.524200602307185,0.101302155161134,1.463,7.5271514380868,0.09119088,7.817,40.964,259.98409815,261.196171328649
0.524200602307185,0.101302155161134,1.463,7.0857176699451,0.09119088,7.817,40.964,244.66611085,245.878184028649
0.524328013107033,0.175180647931211,1.463,7.11120458116847,0.15758424,7.818,40.964,244.66611085,246.762593447709
0.524328013107033,0.175180647931211,1.463,7.28981286635769,0.15758424,7.818,40.964,250.86391365,252.960396247709
0.524328013107033,0.137091454599298,1.463,7.27667663600233,0.123321,7.818,40.964,250.86391365,252.504562044992
0.521262378945795,0.134774128267193,1.463,7.33017416022893,0.123321,7.794,40.964,252.7565971,254.360954681501
0.521262378945795,0.116707109991375,1.463,7.32397625444218,0.10678932,7.794,40.964,252.7565971,254.145884043548
0.502631498240859,0.104764908341299,1.463,7.2652250026999,0.10678932,7.651,40.964,250.90314025,252.107184258899
0.502631498240859,0.248244439490368,1.463,7.31274542807577,0.25304136,7.651,40.964,250.90314025,253.756168375956
0.502631498240859,0.248244439490368,1.463,7.47467983854004,0.25304136,7.651,40.964,256.5223507,259.375378825956
0.505409558874562,0.121677917677946,1.463,7.43298617584745,0.1219878,7.672,40.964,256.5223507,257.928586483123
0.505409558874562,0.121677917677946,1.463,7.26398656422854,0.1219878,7.672,40.964,250.657974,252.064209783123
0.500504343478539,0.131836550969115,1.463,7.26693636844343,0.13611972,7.635,40.964,250.657974,252.166569563371
0.500504343478539,0.131836550969115,1.463,7.34239271677495,0.13611972,7.635,40.964,253.27634955,254.784945113371
0.500504343478539,0.132998675316541,1.463,7.3427759414287,0.1373196,7.635,40.964,253.27634955,254.798243213342
0.516245088538016,0.145882357449745,1.463,7.38638534337713,0.1373196,7.755,40.964,254.59044065,256.311512730575
0.516245088538016,0.158629359557004,1.463,7.39071913665097,0.1493184,7.755,40.964,254.59044065,256.461897669655
0.533179698118894,0.174185723041007,1.463,7.25418559960815,0.1493184,7.888,40.964,249.60866245,251.72411108108
0.533179698118894,0.174185723041007,1.463,7.25418559960815,0.1493184,7.888,40.964,249.60866245,251.72411108108
0.533179698118894,0.180717687655045,1.463,7.25647171211001,0.15491784,7.888,40.964,249.60866245,251.803440404745
0.515598550621798,0.163972093159006,1.463,7.39925233690147,0.15491784,7.75,40.964,254.82580025,256.758004271594
0.515598550621798,0.175119937702518,1.463,7.40303796365276,0.16545012,7.75,40.964,254.82580025,256.889367539843
0.526362825027223,0.185998505318277,1.463,7.10724506722768,0.16545012,7.834,40.964,244.39152465,246.625196201199
0.526362825027223,0.189595575525883,1.463,7.10848993326938,0.1686498,7.834,40.964,244.39152465,246.668393717097
0.526362825027223,0.189595575525883,1.463,7.01664231825911,0.1686498,7.834,40.964,241.2043634,243.481232467097
0.519337969848524,0.296056679284466,1.463,7.05224499953707,0.27383928,7.779,40.964,241.2043634,244.716664504745
0.519337969848524,0.296056679284466,1.463,7.2500706318669,0.27383928,7.779,40.964,248.0690184,251.581319504745
0.519851786926815,0.222902218540114,1.463,7.22512981551064,0.20557944,7.783,40.964,248.0690184,250.715859868965
0.519851786926815,0.222902218540114,1.463,7.35286865238647,0.20557944,7.783,40.964,252.5016242,255.148465668965
0.519851786926815,0.200351799543838,1.463,7.34515194554102,0.18478152,7.783,40.964,252.5016242,254.880691823856
0.515598550621798,0.195581171358332,1.463,7.09685655074429,0.18478152,7.75,40.964,243.96003205,246.264709135997
0.515598550621798,0.233540287588773,1.463,7.10974684942905,0.2206446,7.75,40.964,243.96003205,246.712009378518
0.498501625380595,0.211113843283001,1.463,7.3286808900545,0.2206446,7.62,40.964,251.90341855,254.309137409651
0.498501625380595,0.230758273413262,1.463,7.33513195542249,0.24117588,7.62,40.964,251.90341855,254.532992820157
0.498501625380595,0.230758273413262,1.463,7.2220887369483,0.24117588,7.62,40.964,247.98075855,250.610332820157
0.520365136045579,0.282694069711755,1.463,7.24313496424552,0.259974,7.787,40.964,247.98075855,251.340648137467
0.520365136045579,0.282694069711755,1.463,7.08883097102826,0.259974,7.787,40.964,242.62632765,245.986217237467
0.549664304768456,0.26353215348886,1.463,7.08657454295615,0.2073126,8.021,40.964,242.62632765,245.907917979353
0.549664304768456,0.26353215348886,1.463,7.60402987552174,0.2073126,8.021,40.964,260.5823038,263.863894129353
0.549664304768456,0.290817476133044,1.463,7.6138212507226,0.22877712,8.021,40.964,260.5823038,264.203660073421
0.531041869381609,0.263826105089793,1.463,7.51669539908487,0.22877712,7.871,40.964,257.6403088,260.833341196024
0.531041869381609,0.293037620222113,1.463,7.52688374048525,0.25410792,7.871,40.964,257.6403088,261.186882079034
0.523052645704567,0.280492622599066,1.463,7.3787682060681,0.25410792,7.808,40.964,252.6977572,256.04719400151
0.523052645704567,0.323022721198819,1.463,7.39340380774529,0.2926374,7.808,40.964,252.6977572,256.555057189147
0.523052645704567,0.323022721198819,1.463,7.50531659403474,0.2926374,7.808,40.964,256.5811906,260.438490589147
0.525219111207561,0.310684529432887,1.463,7.50146943271975,0.27810552,7.825,40.964,256.5811906,260.304992038702
0.525219111207561,0.310684529432887,1.463,6.89047083686677,0.27810552,7.825,40.964,235.3792133,239.103014738702
0.5277577039126,0.366542799154298,1.463,6.91030848009217,0.32356764,7.845,40.964,235.3792133,239.791391543829
0.5277577039126,0.366542799154298,1.463,7.32319883556914,0.32356764,7.845,40.964,249.70672895,254.118907193829
0.5277577039126,0.335280187112707,1.463,7.31235413750628,0.2959704,7.845,40.964,249.70672895,253.742590384405
0.522541710372103,0.325774868127464,1.463,7.3402733949574,0.2959704,7.804,40.964,250.82468705,254.711403515449
0.522541710372103,0.318731087194978,1.463,7.33785161338612,0.28957104,7.804,40.964,250.82468705,254.627366402682
0.542649723009007,0.355090778599025,1.463,7.2399304022322,0.28957104,7.964,40.964,246.8529938,251.229448125676
0.542649723009007,0.431602051335832,1.463,7.26710557285327,0.3519648,7.964,40.964,246.8529938,252.172441046678
0.542649723009007,0.431602051335832,1.463,7.31260546828913,0.3519648,7.964,40.964,248.43186445,253.751311696678
0.51378414661586,0.367704295074446,1.463,7.28375868774264,0.35103156,7.736,40.964,248.43186445,252.750313019307
0.51378414661586,0.367704295074446,1.463,7.08480262322807,0.35103156,7.736,40.964,241.52798285,245.846431419307
0.532300311932767,0.444249216884884,1.463,7.11561531165038,0.3826284,7.881,40.964,241.52798285,246.915648148962
0.532300311932767,0.444249216884884,1.463,7.29309316465486,0.3826284,7.881,40.964,247.68655905,253.074224348962
0.532300311932767,0.427841406087045,1.463,7.28735875884728,0.36849648,7.881,40.964,247.68655905,252.875237407606
0.538679288518185,0.44259961991809,1.463,7.36897611807202,0.36849648,7.932,40.964,250.2853213,255.707403323067
0.538679288518185,0.421622575703448,1.463,7.36157046800119,0.35103156,7.932,40.964,250.2853213,255.450423314014
0.541287590306656,0.427419300572162,1.463,7.13417788779168,0.35103156,7.953,40.964,242.3027082,247.559779445905
0.541287590306656,0.548681061881468,1.463,7.17715898051213,0.4506216,7.953,40.964,242.3027082,249.051246297668
0.541287590306656,0.548681061881468,1.463,7.42754970943246,0.4506216,7.953,40.964,250.9914001,257.739938197668
0.528643660510138,0.480315954813384,1.463,7.39993358702429,0.4219578,7.852,40.964,250.9914001,256.781644014365
0.528643660510138,0.480315954813384,1.463,7.17384715007591,0.4219578,7.852,40.964,243.1460801,248.936324014365
0.540667508844444,0.538332969578722,1.463,7.19761557220766,0.44355564,7.948,40.964,243.1460801,249.761100944974
0.540667508844444,0.538332969578722,1.463,7.08061584108687,0.44355564,7.948,40.964,239.086127,245.701147844974
0.540667508844444,0.575063232306215,1.463,7.09362257094691,0.47381928,7.948,40.964,239.086127,246.152488311403
0.526870432459375,0.534151170714699,1.463,7.21234787050871,0.47381928,7.838,40.964,243.8521589,250.272319557056
0.526870432459375,0.521225734394648,1.463,7.20787083261078,0.46235376,7.838,40.964,243.8521589,250.116963953086
0.521134288099201,0.504931800374398,1.463,7.089162422053,0.46235376,7.793,40.964,239.9883388,245.997718764885
0.521134288099201,0.600443698023073,1.463,7.12192048870995,0.54981168,7.793,40.964,239.9883388,247.13444115732
0.521134288099201,0.600443698023073,1.463,7.36581123256801,0.54981168,7.793,40.964,248.45147775,255.59758010732
0.537184108122599,0.576867426662028,1.463,7.36305717417384,0.48408492,7.92,40.964,248.45147775,255.502012811499
0.537184108122599,0.576867426662028,1.463,7.37916583280642,0.48408492,7.92,40.964,249.0104568,256.060991861499
0.529654588186575,0.539269881846397,1.463,7.36364136893076,0.47115288,7.86,40.964,249.0104568,255.522284681286
0.529654588186575,0.539269881846397,1.463,7.12540278599641,0.47115288,7.86,40.964,240.74345085,247.255278731286
0.529654588186575,0.615109477567297,1.463,7.1517938319823,0.53741292,7.86,40.964,240.74345085,248.171062109045
0.532300311932767,0.623961182321591,1.463,7.46753131594147,0.53741292,7.881,40.964,251.5601858,259.127321277392
0.532300311932767,0.640523783787334,1.463,7.47331981991705,0.55167816,7.881,40.964,251.5601858,259.328185454043
0.546719575016668,0.690842152628818,1.463,7.21738384974064,0.55167816,7.997,40.964,241.88102225,250.447070723561
0.546719575016668,0.690842152628818,1.463,7.21738384974064,0.55167816,7.997,40.964,241.88102225,250.447070723561
0.546719575016668,0.707036374186333,1.463,7.22317047851925,0.5646102,7.997,40.964,241.88102225,250.647869829877
0.556730382774397,0.743599113976496,1.463,7.21062514480333,0.5646102,8.079,40.964,240.86113065,250.212540055846
0.556730382774397,0.767829734455541,1.463,7.21940660201632,0.58300836,8.079,40.964,240.86113065,250.517261306851
0.526108858029645,0.654502620748806,1.463,7.15313473474959,0.58300836,7.832,40.964,240.3609915,248.217592150564
0.526108858029645,0.668571508549032,1.463,7.15800157287854,0.59554044,7.832,40.964,240.3609915,248.386474030545
0.526108858029645,0.668571508549032,1.463,7.20039277980636,0.59554044,7.832,40.964,241.831989,249.857471530545
0.528010967992948,0.663623971208304,1.463,7.19941661256015,0.58500816,7.847,40.964,241.831989,249.823598006226
0.528010967992948,0.663623971208304,1.463,7.06772126303772,0.58500816,7.847,40.964,237.2620901,245.253699106226
0.535810452294489,0.749962953517557,1.463,7.10099951557135,0.6339366,7.909,40.964,237.2620901,246.408472226149
0.535810452294489,0.749962953517557,1.463,7.21941228692306,0.6339366,7.909,40.964,241.37107645,250.517458576149
0.535810452294489,0.76589276598975,1.463,7.22501094624213,0.64740192,7.909,40.964,241.37107645,250.71173504192
0.534183191258658,0.759284604397406,1.463,7.27965230096495,0.64740192,7.896,40.964,243.37163305,252.607819206986
0.534183191258658,0.744274035611955,1.463,7.27439032233997,0.6346032,7.896,40.964,243.37163305,252.42522574095
0.55721516005559,0.837789807461854,1.463,6.91515783493283,0.6346032,8.083,40.964,229.4167701,239.959666744377
0.55721516005559,0.92068875689768,1.463,6.94522121105959,0.69739692,8.083,40.964,229.4167701,241.00288193755
0.55721516005559,0.92068875689768,1.463,7.29028563545205,0.69739692,8.083,40.964,241.39068975,252.97680158755
0.546842523509959,0.944700663016845,1.463,7.29402448823434,0.7539246,7.998,40.964,241.39068975,253.106541774116
0.546842523509959,0.944700663016845,1.463,7.21574205944096,0.7539246,7.998,40.964,238.6742477,250.390099724116
0.549909136154531,0.873705274878464,1.463,7.1917547432237,0.68646468,8.023,40.964,238.6742477,249.55772705194
0.549909136154531,0.873705274878464,1.463,7.13240705352475,0.68646468,8.023,40.964,236.6148512,247.49833055194
0.549909136154531,0.88337728899151,1.463,7.1358790843199,0.69406392,8.023,40.964,236.6148512,247.618811873179
0.557336304434473,0.916837978152824,1.463,7.04109662847277,0.69406392,8.084,40.964,232.7902577,244.329810080133
0.557336304434473,0.976187651344814,1.463,7.06262338242536,0.73899276,8.084,40.964,232.7902577,245.076799928789
0.550276222771097,0.942310567791313,1.463,7.39997232675514,0.73899276,8.026,40.964,245.03876355,256.782988303697
0.550276222771097,0.980730590941383,1.463,7.41377145851384,0.76912308,8.026,40.964,245.03876355,257.261825538828
0.550276222771097,0.980730590941383,1.463,7.15377205602321,0.76912308,8.026,40.964,236.01664555,248.239707538828
0.546350596928783,0.960487130721094,1.463,7.14455044859842,0.76845648,7.994,40.964,236.01664555,247.919712840613
0.546350596928783,0.960487130721094,1.463,7.09763751293163,0.76845648,7.994,40.964,234.38874165,246.291808940613
0.552352774621142,0.971985664748531,1.463,7.10474557625632,0.75432456,8.043,40.964,234.38874165,246.538462530785
0.552352774621142,0.971985664748531,1.463,7.23248441313215,0.75432456,8.043,40.964,238.82134745,250.971068330785
0.552352774621142,1.01905602037615,1.463,7.24944019291997,0.79085424,8.043,40.964,238.82134745,251.559442936889
0.564089231952878,1.079804846225,1.463,6.90845244276779,0.79085424,8.14,40.964,226.01386255,239.726986058307
0.564089231952878,1.18938719912915,1.463,6.94855717152764,0.87111288,8.14,40.964,226.01386255,241.118641545832
0.577776578667771,1.2692008214208,1.463,7.1974044380763,0.87111288,8.255,40.964,233.3590434,249.753774477957
0.577776578667771,1.16430819155131,1.463,7.15835787848565,0.79912008,8.255,40.964,233.3590434,248.398838025233
0.577776578667771,1.16430819155131,1.463,7.05266246921228,0.79912008,8.255,40.964,229.6913563,244.731150925233
0.568160349112665,1.20735777178553,1.463,7.06342262963863,0.86711328,8.174,40.964,229.6913563,245.104534233562
0.568160349112665,1.20735777178553,1.463,6.83507532832077,0.86711328,8.174,40.964,221.7675831,237.180761033562
0.581780121272315,1.33188911458852,1.463,6.88903127658607,0.89737692,8.289,40.964,221.7675831,239.053061228824
0.581780121272315,1.33188911458852,1.463,6.9506398306545,0.89737692,8.289,40.964,223.9054328,241.190910928824
0.581780121272315,1.30161441030505,1.463,6.93931694597427,0.87697896,8.289,40.964,223.9054328,240.798000788621
0.574346699025301,1.25743176630139,1.463,7.05459942029824,0.87697896,8.226,40.964,228.62243145,244.798364161457
0.574346699025301,1.23334596475776,1.463,7.04567027572745,0.86018064,8.226,40.964,228.62243145,244.488518080331
0.591825648379621,1.33613244034513,1.463,7.15995805595507,0.86018064,8.375,40.964,230.91718755,248.454365037264
0.591825648379621,1.40902745258963,1.463,7.18753028319219,0.90710928,8.375,40.964,230.91718755,249.411136034709
0.591825648379621,1.40902745258963,1.463,6.9637047106133,0.90710928,8.375,40.964,223.15032075,241.644269234709
0.575175897995924,1.32604369678094,1.463,6.92283402513597,0.9212412,8.233,40.964,223.15032075,240.226034640379
0.575175897995924,1.32604369678094,1.463,6.90050798948731,0.9212412,8.233,40.964,222.3755954,239.451309290379
0.578484457386266,1.40356402956076,1.463,6.93133903317197,0.96017064,8.261,40.964,222.3755954,240.521162957431
0.578484457386266,1.40356402956076,1.463,7.17975150576899,0.96017064,8.261,40.964,230.99564075,249.141208307431
0.578484457386266,1.43416102381805,1.463,7.19115087809968,0.98110188,8.261,40.964,230.99564075,249.536772609919
0.591709481813306,1.52317058979251,1.463,6.93982793352673,0.98110188,8.374,40.964,220.8261447,240.81573232935
0.591709481813306,1.4703905245123,1.463,6.9198666225975,0.94710528,8.374,40.964,220.8261447,240.123064188912
0.573991072548279,1.35571301891847,1.463,6.85738298706405,0.94710528,8.223,40.964,220.52213855,237.954848695139
0.573991072548279,1.50914675585688,1.463,6.91423971361291,1.05429456,8.223,40.964,220.52213855,239.927807444674
0.573991072548279,1.50914675585688,1.463,7.07928281258522,1.05429456,8.223,40.964,226.24922215,245.654891044674
0.60187746398507,1.60487875309887,1.463,7.13356095926112,0.98843448,8.462,40.964,226.24922215,247.538371696707
0.60187746398507,1.60487875309887,1.463,6.85377899353751,0.98843448,8.462,40.964,216.54063865,237.829788196707
0.62865071316614,1.79989765594095,1.463,6.94599405610576,0.99070092,8.698,40.964,216.54063865,241.029700073035
0.62865071316614,1.79989765594095,1.463,7.18677611145577,0.99070092,8.698,40.964,224.89590445,249.384965873035
0.62865071316614,1.86723335078035,1.463,7.21317791055994,1.02776388,8.698,40.964,224.89590445,250.301122389736
0.639358842569428,1.94904172010591,1.463,7.4206746033551,1.02776388,8.794,40.964,230.74066785,257.501368348283
0.639358842569428,2.05497614489828,1.463,7.46259035918224,1.08362496,8.794,40.964,230.74066785,258.955867441392
0.668233934123482,2.29482802705801,1.463,7.25669419430642,1.08362496,9.057,40.964,219.60031345,251.811160655675
0.668233934123482,2.24372518836491,1.463,7.2360232234514,1.05949404,9.057,40.964,219.60031345,251.093866937144
0.668233934123482,2.24372518836491,1.463,7.53332688803851,1.05949404,9.057,40.964,229.91690925,261.410462737144
0.698660686891128,2.50204481617632,1.463,7.65817606687571,1.05949404,9.34,40.964,229.91690925,265.742795861305
0.698660686891128,2.58169969707385,1.463,7.69104443195517,1.093224,9.34,40.964,229.91690925,266.883345667856
0.73052296761646,2.87353800979654,1.463,7.46012868942828,1.093224,9.642,40.964,216.9819379,258.870446187403
0.73052296761646,2.78663100657343,1.463,7.42361997250595,1.06016064,9.642,40.964,216.9819379,257.603574229442
0.73052296761646,2.78663100657343,1.463,7.35748968969855,1.06016064,9.642,40.964,214.6871818,255.308818129442
0.769986625114615,3.27128828399182,1.463,7.58719824903947,1.09935672,10.023,40.964,214.6871818,263.279827709199
0.769986625114615,3.27128828399182,1.463,7.74178485030292,1.09935672,10.023,40.964,220.05141935,268.644065259198
0.792358415692251,3.70389904635948,1.463,7.94180484509834,1.1645502,10.242,40.964,220.05141935,275.584865807649
0.792358415692251,3.70389904635948,1.463,7.93784833245174,1.1645502,10.242,40.964,219.91412625,275.447572707649
0.792358415692251,3.55760881499211,1.463,7.87463995244302,1.1185548,10.242,40.964,219.91412625,273.254208193866
0.818362256865991,3.83226112201293,1.463,7.78011250484865,1.1185548,10.499,40.964,211.95112645,269.974055323262
0.818362256865991,3.9236141880919,1.463,7.81997197571021,1.1452188,10.499,40.964,211.95112645,271.357200230848
0.857474674982551,4.36366531855825,1.463,8.35128985098382,1.1452188,10.89,40.964,222.8659279,289.794214009757
0.857474674982551,4.46170808997638,1.463,8.39462474073015,1.17094956,10.89,40.964,222.8659279,291.297957807101
0.857474674982551,4.46170808997638,1.463,8.4830810591862,1.17094956,10.89,40.964,225.93540935,294.367439257101
0.871956157850519,4.61938228533355,1.463,8.56159854278176,1.16734992,11.036,40.964,225.93540935,297.09203783416
0.871956157850519,4.61938228533355,1.463,8.25553402876289,1.16734992,11.036,40.964,215.3148074,286.47143588416
0.89346761131645,5.03697280343094,1.463,8.45434722631722,1.20507948,11.254,40.964,215.3148074,293.370359924407
0.89346761131645,5.03697280343094,1.463,8.75278132308907,1.20507948,11.254,40.964,225.6706298,303.726182324407
0.89346761131645,4.94725573059629,1.463,8.71271558581201,1.18361496,11.254,40.964,225.6706298,302.33587986214
0.918083340994506,5.25667115636349,1.463,8.91972882956948,1.18361496,11.505,40.964,227.54369995,309.519349881114
0.918083340994506,5.49587989112029,1.463,9.02723043251012,1.23747624,11.505,40.964,227.54369995,313.249712865139
0.935060002499499,5.72410657529187,1.463,9.13654345930736,1.23747624,11.679,40.964,227.4162135,317.042933223549
0.935060002499499,5.83881071480968,1.463,9.18830089234955,1.26227376,11.679,40.964,227.4162135,318.83894376746
0.935060002499499,5.83881071480968,1.463,9.21514865673717,1.26227376,11.679,40.964,228.34784525,319.77057551746
0.962047585982202,6.40680049075905,1.463,9.48872622231065,1.30066992,11.957,40.964,228.34784525,329.263863021633
0.962047585982202,6.40680049075905,1.463,9.36748737049708,1.30066992,11.957,40.964,224.1407924,325.056810171633
0.987052732532993,6.67072714244724,1.463,9.5026655967984,1.28000532,12.216,40.964,224.1407924,329.747566754295
0.987052732532993,6.67072714244724,1.463,9.81155619127912,1.28000532,12.216,40.964,234.85946085,340.466235204295
0.987052732532993,6.35181622083665,1.463,9.66605992768458,1.21881144,12.216,40.964,234.85946085,335.417437221937
1.00416689847027,6.59530540462568,1.463,9.94883744053216,1.21881144,12.394,40.964,240.4786713,345.229967805538
1.00416689847027,7.43144180409638,1.463,10.3315436184096,1.37332932,12.394,40.964,240.4786713,358.510076386802
1.02170579123484,7.71750188881056,1.463,10.3232377016056,1.37332932,12.577,40.964,235.2615335,358.221856641735
1.02170579123484,7.68828311649102,1.463,10.3098219792223,1.36812984,12.577,40.964,235.2615335,357.756323916511
1.02170579123484,7.68828311649102,1.463,10.4324738712668,1.36812984,12.577,40.964,239.5176196,362.012410016511
1.0401452626361,7.94881584558598,1.463,10.5635082226509,1.3605306,12.77,40.964,239.5176196,366.559371928409
1.0401452626361,7.94881584558598,1.463,10.5685951674822,1.3605306,12.77,40.964,239.6941393,366.735891628409
1.06252245853104,8.57858822815234,1.463,10.8727504863561,1.40212644,13.005,40.964,239.6941393,377.290243488148
1.06252245853104,8.57858822815234,1.463,11.0892282497342,1.40212644,13.005,40.964,247.2060332,384.802137388148
1.06252245853104,8.74009440569101,1.463,11.1638805683665,1.4285238,13.005,40.964,247.2060332,387.392612678559
1.07278034996123,8.92352564401529,1.463,11.8779508112595,1.4285238,13.113,40.964,268.8198898,412.171231129045
1.07278034996123,8.91186634779353,1.463,11.8725532016758,1.42665732,13.113,40.964,268.8198898,411.98393119637
1.07866202183616,9.01769869478358,1.463,11.4973133186,1.42665732,13.175,40.964,253.9726217,398.962907028677
1.07866202183616,9.55449657055007,1.463,11.74603739095,1.51158216,13.175,40.964,253.9726217,407.593765056372
1.07866202183616,9.55449657055007,1.463,11.8929935749664,1.51158216,13.175,40.964,259.0720797,412.693223056372
1.09968128748318,10.0586228996342,1.463,12.1405382127281,1.526514,13.397,40.964,259.0720797,421.283154074518
1.09968128748318,10.0586228996342,1.463,12.3722768106002,1.526514,13.397,40.964,267.1135327,429.324607074518
1.11026226993614,10.7171537921186,1.463,12.6854887223225,1.59330732,13.509,40.964,267.1135327,440.193227538619
1.11026226993614,10.7171537921186,1.463,12.5947715394969,1.59330732,13.509,40.964,263.96559805,437.045292888619
1.11026226993614,11.0650958615138,1.463,12.7567053170055,1.64503548,13.509,40.964,263.96559805,442.664481374719
1.11649044948377,11.1988405774761,1.463,13.3593685546007,1.64503548,13.575,40.964,282.5688131,463.577217295494
1.11649044948377,11.6245036158776,1.463,13.5576378508354,1.70756256,13.575,40.964,282.5688131,470.457267669729
1.13128565179718,11.957407474988,1.463,13.7352003253426,1.70756256,13.732,40.964,282.9806924,476.618780281025
1.13128565179718,11.949005174295,1.463,13.731279153973,1.70636268,13.732,40.964,282.9806924,476.482713542196
1.13128565179718,11.949005174295,1.463,13.3034105720482,1.70636268,13.732,40.964,268.1334243,461.635445442196
1.11564145473934,12.0105673555674,1.463,13.3208375668661,1.7671566,13.566,40.964,268.1334243,462.240171461279
1.11564145473934,12.0105673555674,1.463,13.765662631562,1.7671566,13.566,40.964,283.5690914,477.675838561279
1.12695366437917,12.9233893140143,1.463,14.1996425423265,1.86074724,13.686,40.964,283.5690914,492.735173032973
1.12695366437917,12.9233893140143,1.463,14.3485769826663,1.86074724,13.686,40.964,288.73719595,497.903277582973
1.12695366437917,13.3558047908105,1.463,14.5502649131823,1.92300768,13.686,40.964,288.73719595,504.901956390926
1.12554054264203,13.3199214783772,1.463,14.5643390868747,1.92300768,13.671,40.964,289.8453474,505.390337727918
1.12554054264203,13.3199214783772,1.463,14.5643390868747,1.92300768,13.671,40.964,289.8453474,505.390337727918
1.12280777987425,13.673236880008,1.463,14.7268599840518,1.98433488,13.642,40.964,289.8453474,511.029899579796
1.12280777987425,13.673236880008,1.463,15.0755983130446,1.98433488,13.642,40.964,301.9467535,523.131305679796
1.12280777987425,13.9745551880329,1.463,15.2160648324807,2.02806384,13.642,40.964,301.9467535,528.005568856023
1.12054545322254,13.9142155301262,1.463,14.7621215800046,2.02806384,13.618,40.964,287.2367785,512.253495774662
1.12054545322254,14.101726323163,1.463,14.8495084483311,2.05539444,13.618,40.964,287.2367785,515.285866734517
1.12309052411149,14.1705306427442,1.463,15.2952299074857,2.05539444,13.645,40.964,301.5152609,530.752639200541
1.12309052411149,14.6549225249993,1.463,15.5210486697974,2.12565408,13.645,40.964,301.5152609,538.588670747819
1.12309052411149,14.6549225249993,1.463,15.6855265526774,2.12565408,13.645,40.964,307.2227312,544.296141047819
1.1295908099713,14.9323137938194,1.463,15.8206373951092,2.13925272,13.714,40.964,307.2227312,548.984559374254
1.1295908099713,14.9323137938194,1.463,15.7140941616973,2.13925272,13.714,40.964,303.52562415,545.287452324254
1.1280839780544,15.4130058140674,1.463,15.9369975101278,2.2144452,13.698,40.964,303.52562415,553.022317454215
1.1280839780544,15.4130058140674,1.463,15.8086934571596,2.2144452,13.698,40.964,299.07340505,548.570098354215
1.1280839780544,15.3898074308434,1.463,15.7978716692718,2.2111122,13.698,40.964,299.07340505,548.194576540091
1.12063973009664,15.1728193103341,1.463,15.9685229920144,2.2111122,13.619,40.964,308.74276195,554.116268497421
1.12063973009664,15.5579719741659,1.463,16.1480203812779,2.26723992,13.619,40.964,308.74276195,560.34492368322
1.13495656791006,15.9871862972356,1.463,16.349792938447,2.26723992,13.771,40.964,308.33088265,567.346539081188
1.13495656791006,16.0943566628645,1.463,16.3998300855039,2.2824384,13.771,40.964,308.33088265,569.082854783479
1.13495656791006,16.0943566628645,1.463,16.1296567933506,2.2824384,13.771,40.964,298.95572525,559.707697383479
1.12073400581493,15.7483590112339,1.463,15.9547959092318,2.29457052,13.62,40.964,298.95572525,553.639931400208
1.12073400581493,15.7483590112339,1.463,15.7117529895123,2.29457052,13.62,40.964,290.52200625,545.206212400208
1.12817816350912,16.2491995994277,1.463,15.9524252618573,2.33416656,13.699,40.964,290.52200625,553.557668671354
1.12817816350912,16.2491995994277,1.463,16.4342719806036,2.33416656,13.699,40.964,307.2423445,570.278006921354
1.12817816350912,15.8761028300097,1.463,16.2602243977139,2.28057192,13.699,40.964,307.2423445,564.238462924702
1.14370353332781,16.347665792637,1.463,16.3991715291812,2.28057192,13.864,40.964,303.91789015,569.060002527683
1.14370353332781,16.360089483465,1.463,16.4049783368749,2.28230508,13.864,40.964,303.91789015,569.261501853119
1.11960262083888,15.6302644847859,1.463,16.1555758453475,2.28230508,13.608,40.964,307.8699701,560.607102317968
1.11960262083888,15.7398288132031,1.463,16.2066305483797,2.29830348,13.608,40.964,307.8699701,562.378727755561
1.11960262083888,15.7398288132031,1.463,16.1478480747731,2.29830348,13.608,40.964,305.8301869,560.338944555561
1.1335448772968,16.5934330327241,1.463,16.5594113977237,2.35949736,13.756,40.964,305.8301869,574.620411468803
1.1335448772968,16.5934330327241,1.463,16.0532603870056,2.35949736,13.756,40.964,288.26647675,557.056701318803
1.13279187346766,16.6774969800248,1.463,16.0917662447752,2.37482916,13.748,40.964,288.26647675,558.392875129824
1.13279187346766,16.6774969800248,1.463,16.6134606980336,2.37482916,13.748,40.964,306.36955265,576.495951029824
1.13279187346766,16.5136524860314,1.463,16.5369835197227,2.35149816,13.748,40.964,306.36955265,573.842152134834
1.12459831922611,16.2586808571817,1.463,16.4154386976863,2.35149816,13.661,40.964,306.555879,569.624481954838
1.12459831922611,16.5204716136983,1.463,16.5375067084242,2.38936104,13.661,40.964,306.555879,573.860307061946
1.12817816350912,16.6334335858432,1.463,15.9855599351046,2.38936104,13.699,40.964,285.4519682,554.707459513428
1.12817816350912,16.7763612039784,1.463,16.0522348797937,2.40989232,13.699,40.964,285.4519682,557.02111567135
1.12817816350912,16.7763612039784,1.463,16.7700593171048,2.40989232,13.699,40.964,310.3608592,581.93000667135
1.12026261566211,17.0880666420815,1.463,16.9073486311272,2.49201744,13.615,40.964,310.3608592,586.694019124393
1.12026261566211,17.0880666420815,1.463,16.9330659633301,2.49201744,13.615,40.964,311.25326435,587.586424274393
1.1360857410904,17.7895829960998,1.463,17.2767075914042,2.51748156,13.783,40.964,311.25326435,599.510972132956
1.1360857410904,17.7895829960998,1.463,16.6606220507199,2.51748156,13.783,40.964,289.87476735,578.132475132956
1.1360857410904,17.8998081303763,1.463,16.712092699726,2.53308,13.783,40.964,289.87476735,579.918534117789
1.11894256920077,17.3257441045777,1.463,16.5993089108284,2.53308,13.601,40.964,295.87643715,576.004876462525
1.11894256920077,17.448848075847,1.463,16.6566678639423,2.5510782,13.601,40.964,295.87643715,577.995262741851
1.12638844635613,17.6988758542118,1.463,17.1066737298174,2.5510782,13.68,40.964,307.17369795,593.610706407201
1.12638844635613,17.8542670819885,1.463,17.1791463213542,2.57347596,13.68,40.964,307.17369795,596.125544004317
1.12638844635613,17.8542670819885,1.463,17.2223853524206,2.57347596,13.68,40.964,308.6741154,597.625961454317
1.1233732580243,18.2283051916249,1.463,17.3935388084604,2.64253572,13.648,40.964,308.6741154,603.565077704995
1.1233732580243,18.2283051916249,1.463,16.8458444149529,2.64253572,13.648,40.964,289.6688277,584.559790004995
1.1233732580243,18.5676545996119,1.463,17.0040515675861,2.6917308,13.648,40.964,289.6688277,590.049662619422
1.12497522227672,18.624489658959,1.463,17.4110344429472,2.6917308,13.665,40.964,302.8097387,604.172185557218
1.12497522227672,18.6743025584926,1.463,17.4342623682772,2.69893008,13.665,40.964,302.8097387,604.978206960402
1.13279187346766,18.9535310651559,1.463,17.946011250037,2.69893008,13.748,40.964,315.74471005,622.736166222524
1.13279187346766,19.0752441178367,1.463,18.0028228682108,2.71626168,13.748,40.964,315.74471005,624.707559687374
1.12195948512657,18.686321918228,1.463,17.3095864957865,2.71626168,13.633,40.964,298.40655285,600.651887658938
1.12195948512657,18.6826532577945,1.463,17.3078764523472,2.7157284,13.633,40.964,298.40655285,600.592548239127
1.12195948512657,18.6826532577945,1.463,18.14411366101,2.7157284,13.633,40.964,327.4244302,629.610425589127
1.12016833416146,18.7521648596518,1.463,18.1744812809856,2.73519312,13.614,40.964,327.4244302,630.664198206199
1.12016833416146,18.7521648596518,1.463,17.4521351149356,2.73519312,13.614,40.964,302.3586328,605.598400806199
1.11422625210767,18.834768524208,1.463,17.4837838562924,2.77878876,13.551,40.964,302.3586328,606.696629018793
1.11422625210767,18.834768524208,1.463,17.5103490126338,2.77878876,13.551,40.964,303.2804579,607.618454118793
1.11422625210767,18.834768524208,1.463,17.5103490126338,2.77878876,13.551,40.964,303.2804579,607.618454118793
1.11828246063247,19.2855559826197,1.463,17.7250552313427,2.82318432,13.594,40.964,303.2804579,615.068874473491
1.11828246063247,19.2855559826197,1.463,17.8344245452165,2.82318432,13.594,40.964,307.07563145,618.864048023491
1.11828246063247,19.2646092605003,1.463,17.8246654909907,2.82011796,13.594,40.964,307.07563145,618.525403634504
1.12214800311993,19.4077876400487,1.463,17.2984905608824,2.82011796,13.635,40.964,286.34437335,600.266852797065
1.12214800311993,19.7307461447193,1.463,17.4490323097384,2.8670466,13.635,40.964,286.34437335,605.490731810224
1.12318476989581,19.7698720849182,1.463,18.2225039619963,2.8670466,13.646,40.964,312.50851555,632.330610861784
1.12318476989581,19.3929528775331,1.463,18.0467857720301,2.8123854,13.646,40.964,312.50851555,626.233095908153
1.12318476989581,19.3929528775331,1.463,18.0416988271988,2.8123854,13.646,40.964,312.33199585,626.056576208153
1.12572897365146,20.266039214763,1.463,18.4518212089544,2.92477416,13.673,40.964,312.33199585,640.288041693053
1.12572897365146,20.266039214763,1.463,17.9798657718246,2.92477416,13.673,40.964,295.95489035,623.910936193053
1.12450409060957,20.009569766585,1.463,17.8587939068618,2.89451052,13.66,40.964,295.95489035,619.709677875876
1.12450409060957,20.009569766585,1.463,18.1880322806679,2.89451052,13.66,40.964,307.3796376,631.134425125876
1.12450409060957,20.2390563343101,1.463,18.295036170612,2.9277072,13.66,40.964,307.3796376,634.847517203346
1.12459831922611,20.2426937081138,1.463,18.5398895045859,2.9277072,13.661,40.964,315.8133566,643.344058543998
1.12459831922611,20.5441217974832,1.463,18.6804396437102,2.97130284,13.661,40.964,315.8133566,648.221223368027
1.12384445829338,20.5145969105588,1.463,18.3512016735079,2.97130284,13.653,40.964,304.89855515,636.796490123293
1.12384445829338,20.9140824877645,1.463,18.5374560617498,3.02916372,13.653,40.964,304.89855515,643.259616779119
1.12384445829338,20.9140824877645,1.463,18.8771509332648,3.02916372,13.653,40.964,316.68614845,655.047210079119
1.12930830095749,21.2387282918561,1.463,19.0354346761694,3.0443622,13.711,40.964,316.68614845,660.539740416834
1.12930830095749,21.2387282918561,1.463,18.7016745736244,3.0443622,13.711,40.964,305.1044948,648.958086766834
1.10856277749567,20.3261499546018,1.463,18.2502238613916,3.03183012,13.491,40.964,305.1044948,633.292506161914
1.10856277749567,20.3261499546018,1.463,18.2394847556366,3.03183012,13.491,40.964,304.7318421,632.919853461914
1.10856277749567,20.2519636634874,1.463,18.2049660030196,3.02076456,13.491,40.964,304.7318421,631.722034327178
1.12968497739283,21.0891698550871,1.463,18.7369315329599,3.02076456,13.715,40.964,308.7329553,650.181522068604
1.12968497739283,21.9240619620697,1.463,19.1264786653452,3.1403526,13.715,40.964,308.7329553,663.699015421568
1.12591740010908,21.767613472332,1.463,18.788889362277,3.1403526,13.675,40.964,299.72064395,651.984486470185
1.12591740010908,21.5864862279857,1.463,18.7044188986491,3.11422188,13.675,40.964,299.72064395,649.053316309541
1.12591740010908,21.5864862279857,1.463,18.690571104386,3.11422188,13.675,40.964,299.2401181,648.572790459541
1.11875397256694,21.4387781335999,1.463,18.6124206095313,3.13555308,13.599,40.964,299.2401181,645.860926587613
1.11875397256694,21.4387781335999,1.463,18.890789535024,3.13555308,13.599,40.964,308.89966835,655.520476837612
1.12544632542957,21.977988010143,1.463,19.1509016591445,3.17354928,13.67,40.964,308.89966835,664.546506338317
1.12544632542957,21.977988010143,1.463,18.8663153566358,3.17354928,13.67,40.964,299.0243718,654.671209788317
1.12544632542957,21.9613687955496,1.463,18.8585652913265,3.17114952,13.67,40.964,299.0243718,654.402278386713
1.11799953950408,21.6507916949569,1.463,18.653686035336,3.17114952,13.591,40.964,297.2787881,647.292858881932
1.11799953950408,21.9538991377561,1.463,18.7948982192193,3.21554508,13.591,40.964,297.2787881,652.192997012361
1.11639612142149,21.8863640129137,1.463,19.2188307660141,3.21554508,13.574,40.964,313.15575445,666.903682593114
1.11639612142149,21.9934410456897,1.463,19.2687054849994,3.23127684,13.574,40.964,313.15575445,668.63436195465
1.11639612142149,21.9934410456897,1.463,19.0909450239488,3.23127684,13.574,40.964,306.9873716,662.46597910465
1.1139431797895,21.9638662942026,1.463,19.0738561754432,3.24220908,13.548,40.964,306.9873716,661.872986943034
1.1139431797895,21.9638662942026,1.463,19.0212910788527,3.24220908,13.548,40.964,305.1633347,660.048950043034
1.11507540544148,22.4987942329466,1.463,19.2719404421664,3.31393524,13.56,40.964,305.1633347,668.746616694489
1.11507540544148,22.4987942329466,1.463,19.236331828347,3.31393524,13.56,40.964,303.9276968,667.510978794489
1.11507540544148,22.687061087372,1.463,19.3240081609005,3.3416658,13.56,40.964,303.9276968,670.553394317475
1.12139390350856,22.9638878422949,1.463,19.7483421404094,3.3416658,13.627,40.964,313.8716399,685.27800982761
1.12139390350856,22.9309055976381,1.463,19.7329695170497,3.33686628,13.627,40.964,313.8716399,684.744571594321
1.12111109713675,22.9184996580568,1.463,19.5959475707827,3.33686628,13.624,40.964,309.33116095,679.989836945056
1.12111109713675,23.3717601690936,1.463,19.807199030095,3.40285968,13.624,40.964,309.33116095,687.32037530526
1.12111109713675,23.3717601690936,1.463,19.4717432792729,3.40285968,13.624,40.964,297.6906674,675.67988175526
1.11460366536297,22.8409871665832,1.463,19.2152899356566,3.36739656,13.555,40.964,297.6906674,666.78081389035
1.11460366536297,22.8409871665832,1.463,19.4467459254825,3.36739656,13.555,40.964,305.72231375,674.81246024035
1.11318826833439,22.8581027470494,1.463,19.4527196161827,3.37912872,13.54,40.964,305.72231375,675.019750495157
1.11318826833439,22.8581027470494,1.463,19.6773930129001,3.37912872,13.54,40.964,313.5186005,682.816037245157
1.11318826833439,23.4010119971766,1.463,19.9301639863619,3.45938736,13.54,40.964,313.5186005,691.587324900826
1.11630179218823,23.5417868818633,1.463,19.7068726892181,3.45938736,13.573,40.964,303.3392978,683.838997743507
1.11630179218823,23.4728345231836,1.463,19.6747562145013,3.44925504,13.573,40.964,303.3392978,682.724538933745
1.10922373729918,23.154312062289,1.463,19.6600981144924,3.44925504,13.498,40.964,308.33088265,682.215895041992
1.10922373729918,23.2572320486512,1.463,19.7079908607607,3.46458684,13.498,40.964,308.33088265,683.877798892683
1.10922373729918,23.2572320486512,1.463,19.4971652583063,3.46458684,13.498,40.964,301.01512175,676.562037992683
1.11658477637541,23.6054358792865,1.463,19.669950286386,3.46685328,13.576,40.964,301.01512175,682.557770663739
1.11658477637541,23.6054358792865,1.463,19.5554940276809,3.46685328,13.576,40.964,297.0434285,678.586077413739
1.11318826833439,23.9475286177365,1.463,19.7098329835841,3.54017928,13.54,40.964,297.0434285,683.941721537596
1.11318826833439,23.9475286177365,1.463,20.0515061114223,3.54017928,13.54,40.964,308.89966835,695.797961387596
1.11318826833439,23.9664673125084,1.463,20.0603237035198,3.542979,13.54,40.964,308.89966835,696.103936538375
1.12638844635613,24.580487370038,1.463,20.0951747200456,3.542979,13.68,40.964,299.50489765,697.313285408042
1.12638844635613,24.6729821484765,1.463,20.138313167389,3.556311,13.68,40.964,299.50489765,698.810212549182
1.11752798098131,24.2584757947675,1.463,20.0922502587026,3.556311,13.586,40.964,305.0652682,697.21180503897
1.11752798098131,24.7395529717284,1.463,20.3163614142626,3.62683728,13.586,40.964,305.0652682,704.9885817208
1.11752798098131,24.7395529717284,1.463,20.6314693857594,3.62683728,13.586,40.964,315.99968295,715.9229964708
1.11592446353858,24.6634070378267,1.463,20.5935745064678,3.62683728,13.569,40.964,315.99968295,714.608023938981
1.11592446353858,24.8701140222638,1.463,20.051437660285,3.65723424,13.569,40.964,293.8464606,695.795586096608
1.11526409324016,24.8385243710511,1.463,20.0357170157858,3.65723424,13.562,40.964,293.8464606,695.250071344078
1.11526409324016,24.6393236069205,1.463,19.9429464232525,3.62790384,13.562,40.964,293.8464606,692.030882281534
1.11526409324016,24.6393236069205,1.463,20.4035975385348,3.62790384,13.562,40.964,309.8313001,708.015721781534
1.13119150344575,25.5384392303628,1.463,20.846812253211,3.6476352,13.731,40.964,309.8313001,723.39550887658
1.13119150344575,25.5384392303628,1.463,20.5365086184994,3.6476352,13.731,40.964,299.0635984,712.62780717658
1.11111187102948,24.7220651808419,1.463,20.1254808736469,3.66936636,13.518,40.964,299.0635984,698.364925109123
1.11111187102948,24.7220651808419,1.463,20.3300890990851,3.66936636,13.518,40.964,306.163613,705.464939709123
1.11111187102948,24.9196764274279,1.463,20.4220686978708,3.69869676,13.518,40.964,306.163613,708.656680866555
1.11130065817055,24.9287737597901,1.463,20.1326832935643,3.69869676,13.52,40.964,295.964697,698.61485292341
1.11130065817055,25.4391563246014,1.463,20.3702505774594,3.77442252,13.52,40.964,295.964697,706.858564438549
1.11233890246678,25.4902400673002,1.463,20.4920401966865,3.77442252,13.531,40.964,299.30876465,711.084729211685
1.11233890246678,25.485738241143,1.463,20.4899444459149,3.77375592,13.531,40.964,299.30876465,711.012005541634
1.11233890246678,25.485738241143,1.463,20.4023359515974,3.77375592,13.531,40.964,296.26870315,707.971944041634
1.12563475871588,26.3075032550056,1.463,20.8061888863691,3.79735356,13.672,40.964,296.26870315,721.985856370866
1.12563475871588,26.3075032550056,1.463,20.8836234910239,3.79735356,13.672,40.964,298.95572525,724.672878470866
1.11724503186748,25.8940637426146,1.463,20.6776807707254,3.79815348,13.583,40.964,298.95572525,717.52655618714
1.11724503186748,25.8940637426146,1.463,20.9187454341216,3.79815348,13.583,40.964,307.3207977,725.89162863714
1.11724503186748,25.8777032825294,1.463,20.9111241507951,3.79575372,13.583,40.964,307.3207977,725.627166039054
1.11979119658077,26.0044468091121,1.463,20.6746368559407,3.79575372,13.61,40.964,296.9257487,717.420930719904
1.11979119658077,27.088612393827,1.463,21.1798479382563,3.95400456,13.61,40.964,296.9257487,734.952024852798
1.11488671293976,26.8345656457339,1.463,20.9816349797008,3.95400456,13.558,40.964,294.4348596,728.07392942609
1.11488671293976,26.3296871094092,1.463,20.7465176778404,3.879612,13.558,40.964,294.4348596,719.915233594849
1.11488671293976,26.3296871094092,1.463,21.3439510874765,3.879612,13.558,40.964,315.1661177,740.646491694849
1.11441496109164,26.6131209507265,1.463,21.4751704216994,3.9249408,13.553,40.964,315.1661177,745.199872609955
1.11441496109164,26.6131209507265,1.463,21.1982145364376,3.9249408,13.553,40.964,305.5556007,735.589355609955
1.10988463843674,26.3830542531461,1.463,21.08367039198,3.92520744,13.505,40.964,305.5556007,731.614612677449
